duration,P_RP_2Years,P_RP_5Years,P_RP_10Years,P_RP_25Years,P_RP_50Years,P_RP_100Years,i_RP_2Years,i_RP_5Years,i_RP_10Years,i_RP_25Years,i_RP_50Years,i_RP_100Years
5,8.521469334,11.645875601568184,13.279058120823867,15.020657229181252,16.14573748744064,17.157724680529842,102.257632008,139.7505072188182,159.3486974498864,180.24788675017504,193.7488498492877,205.89269616635812
10,13.534098354,18.496390661314173,21.09026878013202,23.856337952229044,25.6432301271116,27.250503904370923,81.20459012399999,110.97834396788502,126.54161268079213,143.13802771337424,153.8593807626696,163.50302342622552
20,20.301147530999998,27.74458599197126,31.635403170198032,35.78450692834357,38.464845190667404,40.87575585655638,60.903442593,83.23375797591379,94.9062095105941,107.3535207850307,115.39453557200223,122.62726756966916
30,25.0631451,34.25257529872995,39.05605329654078,44.17840361523898,47.487463198354824,50.46389611920542,50.1262902,68.5051505974599,78.11210659308156,88.35680723047795,94.97492639670965,100.92779223841085
60,35.56257075,48.60162711306277,55.41737292076733,62.68557269729855,67.38085994361157,71.60417692589958,35.56257075,48.60162711306277,55.41737292076733,62.68557269729855,67.38085994361157,71.60417692589958
360,55.158272999999994,75.38211552230143,85.95347636690443,97.22660255091202,104.50908889213223,111.05953972180343,9.193045499999998,12.563685920383573,14.325579394484071,16.204433758485337,17.41818148202204,18.509923286967236
480,56.60980649999999,77.36585540446725,88.21540995550717,99.7851973548834,107.25932807350412,113.98215918816666,7.076225812499999,9.670731925558407,11.026926244438396,12.473149669360424,13.407416009188015,14.247769898520833
600,59.5128735,81.33333516879892,92.73927713271267,104.90238696282614,112.75980643624793,119.82739812089318,5.95128735,8.133333516879894,9.273927713271267,10.490238696282615,11.275980643624791,11.982739812089319
720,61.690173750000014,84.30894499204769,96.1321775156168,108.74027916878322,116.8851652083058,124.21132732043807,5.1408478125000014,7.025745416003974,8.011014792968068,9.061689930731935,9.740430434025484,10.350943943369838
1440,79.83434249999999,109.10569351912049,124.40634737315114,140.7227142184253,151.26315497545454,160.74407064997865,3.3264309374999996,4.546070563296687,5.18359780721463,5.863446425767721,6.302631457310605,6.697669610415777
