Year,Precipitation
2016,1805.8000000000225
2017,1679.0000000000264
2018,1430.4000000000178
2019,1296.0000000000161
2020,1441.200000000018
2021,117.80000000000013
