Year,Precipitation
2016,1706.0000000000218
2017,1477.0000000000189
2018,680.0000000000017
2020,102.80000000000008
