Year,Precipitation
2016,1078.400000000005
2017,1306.0000000000173
2018,1200.8000000000093
2019,859.6000000000006
2020,1272.4000000000099
2021,0.0
