Year,Precipitation
2015,839.2000000000168
2016,813.0000000000169
2017,496.3999999999869
2018,741.6000000000096
