Year,Precipitation
2015,716.4000000000085
2016,1476.2000000000994
2017,710.000000000014
2018,292.79999999999194
